PSRJ;RAJ;DECJ;DM;P0;S400;
J0540-6919;05:40:11.2;-69:19:54.1;146.50;0.050570;0.00;
J2129+1210G;21:29:57.9;+12:09:57.3;66.40;0.037660;0.13;
J2129+1210F;21:29:57.1;+12:10:02.9;65.52;0.004027;0.14;
J2129+1210H;21:29:58.1;+12:09:59.4;67.15;0.006743;0.16;
J2243+1518;22:43:09.7;+15:18:25.1;42.13;0.596799;0.16;
J0006+1834;00:06:04.8;+18:34:59;11.41;0.693748;0.20;
J2129+1210E;21:29:58.1;+12:10:08.6;66.51;0.004651;0.24;
J0514-4002A;05:14:06.6;-40:02:48.8;52.14;0.004991;0.28;
J0308+74;03:08;+74:00;6.35;0.003160;0.30;
J1124-3653;11:24;-36:00;44.90;0.002410;0.30;
J1829+2456;18:29:34.6;+24:56:18.1;13.80;0.041010;0.30;
J1933+0758;19:33:19.4;+07:58:07.0;165.02;0.437454;0.34;
J2129+1210D;21:29:58.2;+12:09:59.7;67.30;0.004803;0.34;
J1843+2024;18:43:26.1;+20:24:54.6;85.30;3.406539;0.37;
J0857+3349;08:57:07.0;+33:49:17.0;24.00;0.242961;0.40;
J1635+2332;16:35:05.3;+23:32:23.2;37.57;1.208694;0.40;
J1907+0918;19:07:22.4;+09:18:30.7;357.90;0.226107;0.40;
J2002+1637;20:02:47.7;+16:37:16.7;94.58;0.276497;0.40;
J2015+2524;20:15:12.7;+25:24:31.3;13.00;2.303299;0.40;
J2050+1259;20:50:57.2;+12:59:09;52.40;1.221020;0.40;
J1917+0834;19:17:48.8;+08:34:54.6;29.18;2.129665;0.44;
J0102+4839;01:03;+48:00;53.50;0.002960;0.50;
J1226+0005;12:26:14.4;+00:05:44;18.50;2.285076;0.50;
J1302-32;13:02;-32:00;26.20;0.003770;0.50;
J1518+0204B;15:18:31.4;+02:05:15.4;29.47;0.007947;0.50;
J1551-0658;15:51:07.2;-06:58:06.5;21.60;0.007090;0.50;
J1721-1936;17:21:01.4;-19:36:51;75.70;1.004037;0.50;
J1822+1120;18:22:14.6;+11:20:56.2;95.20;1.787037;0.50;
J1849+2559;18:49:47.5;+25:59:57.6;75.00;0.519263;0.50;
J1905+0616;19:05:06.8;+06:16:16.7;256.05;0.989706;0.50;
J2129-0429;21:29:45.0;-04:29:05.5;16.90;0.007620;0.50;
J2329+4743;23:29:31.5;+47:43:39.7;44.01;0.728409;0.50;
J0329+1654;03:29:08.5;+16:54:02;40.82;0.893320;0.60;
J0455-6951;04:55:47.5;-69:51:34.3;94.89;0.320423;0.60;
J1735+6320;17:35:06.5;+63:20:00.0;41.85;0.510718;0.60;
J1813+1822;18:13:38.7;+18:22:15.0;60.80;0.336425;0.60;
J1901+1306;19:01:48.7;+13:06:48.3;75.10;1.830857;0.60;
J1902+0723;19:02:13.5;+07:23:51;105.00;0.487813;0.60;
J2040+1657;20:40:17.8;+16:57:30.4;50.69;0.865606;0.60;
J2129+1210C;21:30:01.2;+12:10:38.2;67.13;0.030529;0.64;
J0139+5621;01:39:38.5;+56:21:36.8;101.84;1.775344;0.70;
J1756+1822;17:56:17.5;+18:22:55.3;70.80;0.744001;0.70;
J2027+2146;20:27:16.6;+21:46:04.4;97.09;0.398173;0.70;
J1814+1130;18:14:42.7;+11:30:43.9;65.00;0.751261;0.72;
J0609+2130;06:09:58.8;+21:30:02.8;38.73;0.055698;0.80;
J1903+2225;19:03:52.9;+22:25:12.3;109.20;0.651185;0.80;
J1907+1247;19:07:10.7;+12:47:35.9;257.00;0.827097;0.80;
J1913+0936;19:13:52.7;+09:36:41.8;157.00;1.241965;0.80;
J1918+1541;19:18:07.7;+15:41:15.2;13.00;0.370883;0.80;
J1926+1928;19:26:22.8;+19:28:11.7;445.00;1.346012;0.80;
J2043+1711;20:43:20.8;+17:11:28.9;20.76;0.002380;0.80;
J0214+5222;02:14:55.2;+52:22:40.9;22.04;0.024575;0.90;
J1549+2113;15:49:40.9;+21:13:26.9;24.06;1.262471;0.90;
J1906+0746;19:06:48.8;+07:46:25.9;217.75;0.144073;0.90;
J1908+2351;19:08:31.9;+23:51:41.9;101.69;0.377578;0.90;
J2355+2246;23:55:49.8;+22:46:17;23.10;1.840986;0.90;
J0152+0948;01:52:23.7;+09:48:10;22.88;2.746647;0.91;
J0024-7204D;00:24:13.8;-72:04:43.8;24.74;0.005358;0.95;
J0045-7319;00:45:35.1;-73:19:03.0;105.40;0.926276;1.00;
J0502-6617;05:02:50.5;-66:17:58.8;68.90;0.691251;1.00;
J0927+2345;09:27:45.2;+23:45:10.7;17.24;0.761889;1.00;
J0947+2740;09:47:21.2;+27:40:43.5;29.09;0.851014;1.00;
J1312+1810;13:12:55;+18:10;24.00;0.033163;1.00;
J1848+0604;18:48:54.6;+06:04:46.8;242.70;2.218603;1.00;
J1935+1159;19:35:16.0;+11:59:09.2;188.76;1.939758;1.00;
J1938+2213;19:38:14.1;+22:13:12.6;91.00;0.166116;1.00;
J2113+67;21:14;+67:02;55.10;0.552170;1.00;
J2129+1210B;21:29:58.6;+12:10:00.3;67.69;0.056133;1.00;
J1909+1450;19:09:26.9;+14:50:58;119.50;0.996108;1.10;
J1914+1122;19:14:10.1;+11:22:03.7;100.00;0.600997;1.10;
J2017+5906;20:17:44.5;+59:06:47;60.28;0.403478;1.10;
J2210+57;22:11;+57:29;189.43;2.057430;1.10;
J1916+0748;19:16:51.5;+07:48:00;304.00;0.541752;1.14;
J0738+6904;07:38:22.6;+69:04:20;17.22;6.827693;1.20;
J1746+2540;17:46:06.8;+25:40:37.5;51.20;1.058148;1.20;
J1828+1359;18:28:53.3;+13:59:35.3;56.00;0.741640;1.20;
J1931+1536;19:31:55.7;+15:36:57.5;140.00;0.314355;1.20;
J1939+10;19:39:11;+10:45;90.00;2.310000;1.20;
J1945+1834;19:45:36.1;+18:34:20.1;217.70;1.068708;1.20;
J1951+1123;19:51:08.2;+11:23:25.2;31.29;5.094083;1.20;
J2206+6151;22:06:18.1;+61:51:58.1;167.00;0.322674;1.20;
J1746+2245;17:46:00.8;+22:45:28.9;49.85;3.465038;1.26;
J0141+63;01:41;+63:08;272.60;0.046686;1.30;
J1434+7257;14:33:59.7;+72:57:26.5;12.61;0.041741;1.30;
J1503+2111;15:03:54.6;+21:11:09.3;3.26;3.314002;1.30;
J1935+1745;19:35:29.9;+17:45:12.2;214.60;0.654408;1.30;
J2234+0611;22:34:23.0;+06:11:28.6;10.76;0.003577;1.30;
J0137+1654;01:37:23.8;+16:54:42.1;26.08;0.414763;1.40;
J0611+30;06:11:16;+30:16;45.26;1.412090;1.40;
J1320+67;13:20;+67:30;28.00;1.028620;1.40;
J1929+62;19:29;+62:16;67.70;1.456004;1.40;
J0417+61;04:17;+61:08;71.00;0.440283;1.50;
J0631+1036;06:31:27.5;+10:37:02.5;125.36;0.287800;1.50;
J0849+8028;08:49:01.5;+80:28:59;34.81;1.602228;1.50;
J1513-5908;15:13:55.8;-59:08:09.6;252.50;0.151582;1.50;
J1816+4510;18:16:35.9;+45:10:33.8;38.89;0.003193;1.50;
J1848+1516;18:48:56.1;+15:16:44.1;77.44;2.233770;1.50;
J1859+1526;18:59:44.3;+15:26:11.0;97.45;0.933972;1.50;
J1923+1706;19:23:07.8;+17:06:09.4;142.50;0.547209;1.50;
J1946+2611;19:46:45.8;+26:11:49.2;165.00;0.435060;1.50;
J2017+2043;20:17:28.9;+20:43:31.9;60.49;0.537143;1.50;
J2205+1444;22:05:17.2;+14:44:31.3;36.72;0.938014;1.50;
J2229+6114;22:29:05.2;+61:14:09.3;204.97;0.051624;1.50;
J2007+0910;20:07:58.1;+09:10:12.9;48.73;0.458735;1.51;
J0024-7204C;00:23:50.3;-72:04:31.5;24.60;0.005757;1.53;
J0613+3731;06:13:12.1;+37:31:38.3;18.99;0.619198;1.60;
J1110+58;11:11;+58:52;26.00;0.793348;1.60;
J1912+1036;19:12:46.3;+10:36:41.6;147.00;0.409349;1.60;
J1912+2525;19:12:18.6;+25:25:02.1;37.85;0.621976;1.60;
J1918+1444;19:18:23.6;+14:45:06;27.20;1.181023;1.60;
J2151+2315;21:51:28.9;+23:15:12.8;23.60;0.593534;1.60;
J1915+0752;19:15:01.9;+07:52:09.2;105.30;2.058314;1.70;
J1929+1844;19:29:16.7;+18:44:59.5;112.00;1.220470;1.70;
J1955+6708;19:55:38.7;+67:08:15.1;57.15;0.008565;1.70;
J2129+1210A;21:29:58.2;+12:10:01.2;67.31;0.110665;1.70;
J0636+5129;06:36:04.8;+51:28:59.9;11.11;0.002869;1.80;
J1745-0952;17:45:09.1;-09:52:39.6;64.47;0.019376;1.80;
J1941+1026;19:41:32.3;+10:26:25.6;138.91;0.905394;1.80;
J2048+2255;20:48:45.8;+22:55:05.3;70.68;0.283901;1.80;
J0614+83;06:14;+83:14;44.00;1.039203;1.90;
J1911+1758;19:11:55.3;+17:58:45.7;48.98;0.460406;1.90;
J1915+0738;19:15:24.8;+07:38:31.4;39.00;1.542704;1.90;
J1944+1755;19:44:31.8;+17:55:42.4;175.00;1.996899;1.90;
J2305+4707;23:05:55.8;+47:07:45.3;62.07;1.066371;1.90;
J0023+0923;00:23:16.8;+09:23:23.8;14.33;0.003050;2.00;
J0340+4130;03:40:23.2;+41:30:45.2;49.59;0.003299;2.00;
J0435+2749;04:35:51.8;+27:49:01.7;53.19;0.326279;2.00;
J0448-2749;04:48:41.5;-27:49:47;26.22;0.450448;2.00;
J1238+2152;12:38:23.1;+21:52:11;17.97;1.118591;2.00;
J1933+1304;19:33:22.5;+13:04:49.9;177.01;0.928324;2.00;
J1936+1536;19:36:01.5;+15:36:36.0;165.00;0.967338;2.00;
J2037+1942;20:37:14.5;+19:42:54.3;36.89;2.074377;2.00;
J2307+2225;23:07:41.2;+22:25:50.1;7.02;0.535829;2.00;
J0600-5756;06:00:46.5;-57:56:54;30.00;2.261365;2.10;
J1830-1059;18:30:47.5;-10:59:26.5;159.70;0.405073;2.10;
J1938+6604;19:38:56.9;+66:04:31.7;41.24;0.022259;2.10;
J2155+2813;21:55:15.8;+28:13:12.1;77.13;1.609020;2.10;
J2155-5641;21:55:01.4;-56:41:57;14.00;1.373654;2.10;
J1807+0756;18:07:51.2;+07:56:43.3;89.29;0.464300;2.16;
J1453+1902;14:53:45.7;+19:02:12.1;14.06;0.005792;2.20;
J1811+0702;18:11:20.4;+07:02:29.7;57.80;0.461713;2.20;
J1823-3021B;18:23:41.5;-30:21:40.9;87.01;0.378596;2.20;
J1916-2939;19:16:32.7;-29:39:27.8;38.34;1.248617;2.20;
J1927+1856;19:27:24.9;+18:56:36.8;99.00;0.298313;2.20;
J1953+1149;19:53:47.4;+11:49:42.6;140.03;0.851890;2.20;
J0048+3412;00:48:33.9;+34:12:08;39.92;1.217094;2.30;
J1645+1012;16:45:34.4;+10:12:16.0;36.17;0.410861;2.30;
J1848+0647;18:48:56.0;+06:47:31.7;27.90;0.505957;2.30;
J1849+2423;18:49:34.6;+24:23:45.9;62.27;0.275641;2.30;
J1921+2003;19:21:51.5;+20:03:20.8;101.00;0.760681;2.30;
J0231+7026;02:31:13.9;+70:26:34;46.68;1.466820;2.40;
J0645+5158;06:45:59.0;+51:58:14.9;18.25;0.008853;2.40;
J0711+0931;07:11:36.1;+09:31:25;46.24;1.214090;2.40;
J1720+2150;17:20:01.3;+21:50:12.8;40.72;1.615664;2.40;
J2027+7502;20:27:23.2;+75:02:29;11.71;0.515219;2.40;
J2227+30;22:27:30;+30:36;19.00;0.842408;2.40;
J2242+6950;22:42:56.4;+69:50:52;40.86;1.664501;2.40;
J2253+1516;22:53:14.5;+15:16:37.8;29.20;0.792236;2.40;
J0815+4611;08:15:59.4;+46:11:53.2;11.27;0.434242;2.50;
J1708-7539;17:08:02.5;-75:39:23;37.00;1.191024;2.50;
J2312+6931;23:12:38.9;+69:31:04;71.60;0.813375;2.50;
J1709+2313;17:09:05.7;+23:13:27.8;25.35;0.004631;2.52;
J1821+4147;18:21:52.3;+41:47:03;40.67;1.261857;2.60;
J1838+1650;18:38:43.0;+16:50:16.0;32.95;1.901967;2.60;
J1841-0425;18:41:05.6;-04:25:19.5;325.49;0.186149;2.60;
J2234+2114;22:34:56.6;+21:14:18.8;35.08;1.358745;2.60;
J0546+2441;05:46:28.7;+24:41:21;73.81;2.843850;2.65;
J1404+1159;14:04:36.9;+11:59:16.0;18.50;2.650439;2.70;
J2008+2513;20:08:35.4;+25:13:30.3;60.56;0.589196;2.70;
J2156+2618;21:56:23.7;+26:18:30.4;48.44;0.498149;2.70;
J1848+0826;18:48:43.7;+08:26:35.9;90.68;0.328665;2.80;
J1906+0641;19:06:35.2;+06:41:03;472.80;0.267275;2.80;
J1942+1743;19:42:01.0;+17:43:28.3;190.00;0.696262;2.80;
J1954+4357;19:54:38.4;+43:57:37;130.30;1.387041;2.80;
J0750+57;07:50;+57:00;27.00;1.174875;2.90;
J1738-3211;17:38:54.1;-32:11:54;49.59;0.768499;2.90;
J0051+0423;00:51:30.1;+04:22:49;13.90;0.354732;3.00;
J0056+4756;00:56:25.5;+47:56:11;18.14;0.472037;3.00;
J1236-0159;12:36:02.5;-01:59:10;19.08;3.597574;3.00;
J1641+3627A;16:41:40.8;+36:27:15.4;30.36;0.010378;3.00;
J1741+2758;17:41:53.5;+27:58:09.0;29.14;1.360738;3.00;
J1749-5605;17:49:44.5;-56:05:19;58.00;1.332310;3.00;
J1917+2224;19:17:44.2;+22:22:49;134.75;0.425897;3.00;
J1939+2449;19:39:05.5;+24:42:56;142.88;0.645302;3.00;
J1946+2244;19:46:24.8;+22:44:59.4;140.00;1.334450;3.00;
J2033+1734;20:33:27.5;+17:34:58.4;25.08;0.005949;3.00;
J2235+1506;22:35:43.7;+15:06:49.0;18.09;0.059767;3.00;
J1615-2940;16:15:52.8;-29:40:16;44.79;2.477568;3.10;
J1740+1000;17:40:25.9;+10:00:06.3;23.90;0.154087;3.10;
J1743-0339;17:43:08.1;-03:39:11;30.26;0.444645;3.10;
J1804-0735;18:04:49.8;-07:35:25;186.32;0.023101;3.10;
J1922+58;19:22;+58:28;53.00;0.529623;3.10;
J1934+5219;19:34:23.8;+52:19:58;71.90;0.568442;3.10;
J2038+5319;20:38:03.1;+53:19:13;160.20;1.424568;3.10;
J1628+4406;16:28:50.3;+44:06:42.6;7.33;0.181178;3.20;
J1921+1419;19:21:24.1;+14:19:17;91.64;0.618183;3.20;
J1938+0650;19:37:53.4;+06:50:06.0;70.80;1.121562;3.20;
J2241+6941;22:41:20.3;+69:41:60;67.67;0.855401;3.20;
J0137+6349;01:37:13.3;+63:49:34;285.50;0.717963;3.30;
J1647+6608;16:47:32.5;+66:08:22;22.55;1.599798;3.30;
J1859+7654;18:59:36.0;+76:54:56;47.25;1.393729;3.30;
J2016+1948;20:16:57.4;+19:47:51.5;33.81;0.064940;3.30;
J0055+5117;00:55:45.3;+51:17:24.6;44.01;2.115171;3.40;
J0125+62;01:26;+62:35;118.00;1.708233;3.40;
J0509+3801;05:09:31.7;+38:01:18.1;69.08;0.076541;3.40;
J1803-2712;18:03:31.6;-27:12:06;165.50;0.334415;3.40;
J1832-1021;18:32:40.8;-10:21:33;475.70;0.330354;3.40;
J1856+0113;18:56:10.6;+01:13:21;96.74;0.267440;3.40;
J1927+1852;19:27:10.4;+18:52:08.5;254.00;0.482766;3.40;
J2123+5434;21:23:21.6;+54:34:07.7;31.76;0.138868;3.40;
J2228+6447;22:28:40.5;+64:47:19;193.60;1.892982;3.40;
J1016-5345;10:16:31.2;-53:45:13.8;66.80;0.769584;3.50;
J1240-4124;12:40:17.6;-41:24:51.7;44.10;0.512242;3.50;
J1313+0931;13:13:23.0;+09:31:56;12.04;0.848933;3.50;
J1752+2359;17:52:35.4;+23:59:48.2;36.20;0.409051;3.50;
J1908+0734;19:08:17.0;+07:34:14.3;11.10;0.212353;3.50;
J2045+0912;20:45:47.3;+09:12:29.1;31.78;0.395555;3.50;
J0038-2501;00:38:10.2;-25:01:30.7;5.71;0.256926;3.70;
J0108+6905;01:08:29.5;+69:05:53;61.06;1.071118;3.70;
J0343+5312;03:43:12.9;+53:12:53;67.30;1.934478;3.70;
J0815+0939;08:15:08.7;+09:39:50.7;52.66;0.645161;3.70;
J1821+1715;18:21:13.5;+17:15:47.0;60.28;1.366682;3.70;
J1949+3426;19:49:13.6;+34:26:33.8;228.00;0.388539;3.70;
J2215+1538;22:15:39.6;+15:38:34.8;29.24;0.374196;3.70;
J2217+5733;22:17:55.0;+57:33:04.0;130.67;1.056844;3.70;
J0518+5416;05:18:53.1;+54:16:50;42.33;0.340203;3.80;
J1812+0226;18:12:53.1;+02:26:57;104.14;0.793903;3.80;
J1822+0705;18:22:18.4;+07:05:19;62.20;1.362817;3.80;
J1922+2018;19:22:08.0;+20:17:57;203.31;1.172763;3.80;
J2208+4056;22:08:01.9;+40:56:02;11.84;0.636957;3.80;
J1901+0716;19:01:38.9;+07:16:35;252.81;0.643999;3.90;
J1944+0907;19:44:09.3;+09:07:23.0;24.36;0.005185;3.90;
J0156+3949;01:56:55.2;+39:49:29;59.83;1.811561;4.00;
J0725-1635;07:25:00.4;-16:35:46;98.98;0.424311;4.00;
J0946+0951;09:46:07.6;+09:51:55;15.32;1.097706;4.00;
J1006-6311;10:06:36.6;-63:11:41.2;195.99;0.835797;4.00;
J1047-6709;10:47:28.2;-67:09:51.0;116.16;0.198451;4.00;
J1311-1228;13:11:52.6;-12:28:02;36.21;0.447518;4.00;
J1403-7646;14:03:04.1;-76:46:57.5;100.60;1.306198;4.00;
J1457-5122;14:57:40.1;-51:22:53;37.00;1.748301;4.00;
J1800-2343;18:00;-23:43;280.00;1.030820;4.00;
J1806-1154;18:06:06.7;-11:54:29;122.41;0.522618;4.00;
J1817-2311;18:17;-23:11;240.00;0.625470;4.00;
J1915+1606;19:15:27.9;+16:06:27.3;168.77;0.059030;4.00;
J1924+2040;19:24:40;+20:40:03;213.00;0.237790;4.00;
J2124+1407;21:24:46.5;+14:07:19;30.25;0.694053;4.00;
J2324-6054;23:24:27.1;-60:54:05.8;14.00;2.347488;4.00;
J0212+5222;02:12:52.1;+52:22:50;38.21;0.376386;4.10;
J1012-2337;10:12:33.7;-23:38:22;22.51;2.517945;4.10;
J1641+8049;16:41:20.8;+80:49:52.9;31.09;0.002021;4.10;
J1815+5546;18:15:05.7;+55:46:23;59.00;0.426844;4.20;
J1904+1011;19:04:02.4;+10:11:34.6;135.00;1.856570;4.40;
J0034+69;00:34;+69:43;80.00;0.036804;4.50;
J0902-6325;09:02:32.4;-63:25:12.0;76.00;0.660313;4.50;
J1235-54;12:35:19;-54:57;100.00;0.638234;4.50;
J1259-6741;12:59:22.7;-67:41:40;94.70;0.663329;4.50;
J1915+1647;19:15:19.1;+16:47:08;62.57;1.616231;4.50;
J1024-0719;10:24:38.6;-07:19:19.5;6.48;0.005162;4.60;
J1906+1854;19:06:44.7;+18:54:08.5;156.77;1.019093;4.60;
J2046+5708;20:46:46.6;+57:08:37;101.79;0.476735;4.60;
J1942+8106;19:42:54.6;+81:06:17;40.24;0.203558;4.80;
J0624-0424;06:24:20.0;-04:24:50;70.83;1.039076;4.90;
J1754+5201;17:54:22.9;+52:01:12.2;35.01;2.391397;4.90;
J2351+8533;23:51:03.2;+85:33:21;38.50;1.011727;4.90;
J0133-6957;01:33:32.4;-69:57:29.6;22.95;0.463474;5.00;
J0509+0856;05:09:22.2;+08:56:25.0;38.32;0.004056;5.00;
J0540-7125;05:40:30.8;-71:25:31.4;29.41;1.286015;5.00;
J0700+6418;07:00:37.8;+64:18:11.2;8.77;0.195671;5.00;
J0921+6254;09:21:14.1;+62:54:14;13.15;1.567994;5.00;
J1104-6103;11:04:17.2;-61:03:03.8;78.51;0.280905;5.00;
J1225-5556;12:25:43.8;-55:56:43.1;125.83;1.018453;5.00;
J1506-5158;15:06:39.5;-51:58:10;61.00;0.840739;5.00;
J1805+0306;18:05:10.1;+03:06:30;80.86;0.218712;5.00;
J1826-1131;18:26:05.4;-11:31:44;320.58;2.093136;5.00;
J1857+0057;18:57:00.8;+00:57:17;82.39;0.356929;5.00;
J1908+0916;19:08:58.7;+09:16:14;249.80;0.830270;5.00;
J1910+1231;19:10:13.5;+12:31:40;258.64;1.441742;5.00;
J1930+1316;19:30:00.9;+13:16:11.1;207.30;0.760032;5.00;
J2030+2228;20:30:40.4;+22:28:22;71.86;0.630513;5.00;
J2215+5135;22:15:32.6;+51:35:36.3;69.20;0.002610;5.00;
J1018-1642;10:18:40.3;-16:42:10;48.82;1.804695;5.10;
J1834-0010;18:34:17.2;-00:10:53;88.65;0.520954;5.10;
J1913+1400;19:13:24.3;+14:00:52.5;145.05;0.521473;5.20;
J1949-2524;19:49:25.4;-25:24:01;23.07;0.957617;5.20;
J0358+6627;03:58:37.9;+66:27:46.6;62.33;0.091506;5.30;
J1544+4937;15:44:04.4;+49:37:55.2;23.23;0.002159;5.40;
J1909+1859;19:09:18.6;+18:59:10.7;64.52;0.542451;5.40;
J1910+0714;19:10:18.5;+07:14:11.8;124.06;2.712423;5.40;
J0358+4155;03:58:03.1;+41:55:19.0;46.33;0.226484;5.50;
J0645+80;06:46;+80:09;50.00;0.657873;5.50;
J0943+2253;09:43:32.3;+22:53:05.6;27.25;0.532975;5.50;
J1833-6023;18:33:14.8;-60:23:04;35.00;1.889436;5.50;
J2002+3217;20:02:04.4;+32:17:18;142.21;0.696761;5.50;
J0058+4950;00:58:09.9;+49:50:26;66.95;0.996023;5.60;
J1624+8643;16:24:32.7;+86:43:13;46.43;0.395763;5.60;
J1734-0212;17:34:45.6;-02:12:39;65.05;0.839394;5.70;
J0740+41;07:41;+41:04;20.83;0.003139;5.80;
J1711-1509;17:11:55.0;-15:09:40;59.88;0.868804;5.90;
J1918-0642;19:18:48.0;-06:42:34.9;26.46;0.007646;5.90;
J0211-8159;02:11:59.0;-81:59:36.2;24.36;1.077333;6.00;
J0335+4555;03:35:16.6;+45:55:53.4;47.15;0.269201;6.00;
J0421-0345;04:21:33.5;-03:45:07;44.61;2.161308;6.00;
J0627+0706;06:27:44.1;+07:06:32.8;138.25;0.475885;6.00;
J1003-4747;10:03:21.5;-47:47:01.2;98.49;0.307074;6.00;
J1159-7910;11:59:35.7;-79:10:05.6;59.24;0.525074;6.00;
J1358-2533;13:58:42;-25:33;31.27;0.912971;6.00;
J1623-0908;16:23:17.6;-09:08:48.7;68.18;1.276446;6.00;
J1850+1335;18:50:35.4;+13:35:58;60.14;0.345582;6.00;
J1904-1224;19:04:33.2;-12:24:01;118.23;0.750808;6.00;
J1912+2104;19:12:43.3;+21:04:33.9;88.60;2.232969;6.00;
J1920+2650;19:20:38.3;+26:50:38;27.71;0.785522;6.00;
J1927+2234;19:27:08.0;+22:34:57.3;180.00;1.431066;6.00;
J1945-0040;19:45:28.3;-00:40:58;59.71;1.045632;6.00;
J1952+1410;19:52:06.1;+14:07:29;31.51;0.275026;6.00;
J2037+3621;20:37:27.4;+36:21:24;93.56;0.618715;6.00;
J2108-3429;21:08:30.4;-34:29:37.9;30.22;1.423102;6.00;
J1627+1419;16:27:18.7;+14:19:20.7;32.17;0.490857;6.10;
J1743-1351;17:43:37.6;-13:51:38;116.30;0.405337;6.10;
J1908+0500;19:08:05.1;+05:00:54.4;201.42;0.291021;6.10;
J0842-4851;08:42:05.3;-48:51:21.1;196.85;0.644365;6.20;
J1819+1305;18:19:56.2;+13:05:15.2;64.81;1.060364;6.20;
J1659-1305;16:59:53.0;-13:05:09;60.37;0.640958;6.30;
J2212+2933;22:12:23.3;+29:33:05.4;74.52;1.004593;6.30;
J0415+6954;04:15:55.6;+69:54:09.9;27.45;0.390715;6.40;
J2137+6428;21:37:20.2;+64:28:42;106.00;1.750989;6.40;
J0157+6212;01:57:49.9;+62:12:26.6;30.21;2.351745;6.50;
J0653+8051;06:53:15.0;+80:52:00.2;33.32;1.214441;6.50;
J0659+1414;06:59:48.1;+14:14:19.4;13.94;0.384929;6.50;
J0909-7212;09:09:36.0;-72:12:08.4;54.30;1.362890;6.50;
J1057-7914;10:57:27.4;-79:14:24.2;51.00;1.347402;6.50;
J1239-6832;12:39:58.8;-68:32:30.0;94.30;1.301923;6.50;
J1900-7951;19:00:24.4;-79:51:48.2;39.00;1.279193;6.50;
J2023+5037;20:23:41.9;+50:37:34.9;32.99;0.372619;6.50;
J0147+5922;01:47:44.6;+59:22:03.2;40.11;0.196321;6.60;
J1743-3150;17:43:36.6;-31:50:22;193.05;2.414576;6.60;
J1937+2544;19:37:01.2;+25:44:13.4;53.22;0.200980;6.60;
J1954+2923;19:54:22.5;+29:23:17.2;7.93;0.426677;6.60;
J1713+0747;17:13:49.5;+07:47:37.4;15.92;0.004570;6.80;
J0517+2212;05:17:17.1;+22:12:51.9;18.70;0.222367;7.00;
J0943+1631;09:43:30.1;+16:31:37;20.34;1.087418;7.00;
J1107-5947;11:07:58.7;-59:47:04;158.40;1.516531;7.00;
J1119-7936;11:19:40.8;-79:36:30.3;27.40;2.280597;7.00;
J1143-5158;11:43:15.0;-51:58:39.8;159.03;0.675646;7.00;
J1156-5909;11:56:21.5;-59:09:12.3;219.20;1.037931;7.00;
J1320-3512;13:20:12.6;-35:12:26.0;16.42;0.458488;7.00;
J1635-5954;16:35:09.0;-59:54:41;134.90;0.529121;7.00;
J1822-4209;18:22:11.3;-42:09:10.9;72.51;0.456512;7.00;
J1947-4215;19:47:06;-42:15;35.00;1.798069;7.00;
J1952+3252;19:52:58.2;+32:52:40.5;45.01;0.039531;7.00;
J2038-3816;20:38:54.1;-38:16:11.9;33.96;1.577286;7.00;
J2127-6648;21:27:31.2;-66:48:28.1;35.00;0.325771;7.00;
J2256-1024;22:56:56.3;-10:24:34.3;13.78;0.002295;7.00;
J0747+6646;07:47:39.6;+66:46:57;27.58;0.407701;7.40;
J1649+2533;16:49:44.2;+25:33:07.0;34.46;1.015257;7.40;
J0040+5716;00:40:32.3;+57:16:24.8;92.51;1.118225;7.50;
J1933+2421;19:33:37.8;+24:36:40;106.03;0.813690;7.50;
J1944-1750;19:44:05.2;-17:50:11;56.32;0.841158;7.50;
J0117+5914;01:17:38.6;+59:14:38.4;49.42;0.101439;7.60;
J1555-2341;15:55:33.1;-23:41:10;51.90;0.532578;7.60;
J0855-3331;08:55:38.4;-33:31:39;86.64;1.267536;7.70;
J1801-2451;18:01:00.0;-24:51:27.5;291.55;0.124924;7.80;
J1932+2220;19:32:22.7;+22:20:51;219.20;0.144470;7.80;
J0030+0451;00:30:27.4;+04:51:39.7;4.34;0.004865;7.90;
J2051-0827;20:51:07.5;-08:27:37.7;20.73;0.004509;7.90;
J0520-2553;05:20:36.1;-25:53:12;33.77;0.241642;8.00;
J0749-4247;07:49:49.6;-42:47:42.1;104.59;1.095452;8.00;
J0754+3231;07:54:40.6;+32:31:56.2;39.99;1.442349;8.00;
J0904-4246;09:04:59.2;-42:46:14;145.80;0.965171;8.00;
J1047-3032;10:47:00.8;-30:32:18;52.54;0.330328;8.00;
J1123-4844;11:23:15.6;-48:44:22.7;92.92;0.244838;8.00;
J1123-6651;11:23:52.2;-66:51:49.0;111.20;0.232976;8.00;
J1130-6807;11:30:31.9;-68:07:28.5;148.73;0.256353;8.00;
J1141-3322;11:41:42.7;-33:22:37;46.45;0.291468;8.00;
J1518+4904;15:18:16.7;+49:04:34.2;11.61;0.040935;8.00;
J1603-5657;16:03:31.4;-56:57:44.1;264.07;0.496077;8.00;
J1706+59;17:07;+59:10;31.00;1.476687;8.00;
J1813+4013;18:13:13.2;+40:13:39;41.56;0.931089;8.00;
J1825+0004;18:25:15.3;+00:04:20;56.62;0.778949;8.00;
J1851+1259;18:51:13.2;+12:59:35;70.63;1.205303;8.00;
J1854-1421;18:54:44.2;-14:21:26;130.40;1.146595;8.00;
J1926+1648;19:26:45.3;+16:48:33;176.88;0.579823;8.00;
J2005-0020;20:05:43.7;-00:20:22;35.93;2.279661;8.00;
J2325+6316;23:25:13.3;+63:16:52.3;197.37;1.436310;8.00;
J1844-0433;18:44:33.4;-04:33:12;123.16;0.991027;8.10;
J1923+4243;19:23:15.2;+42:43:19;52.99;0.595193;8.10;
J0538+2817;05:38:25.0;+28:17:09.1;39.57;0.143158;8.20;
J0758-1528;07:58:29.0;-15:28:08.7;63.33;0.682265;8.20;
J1756-2435;17:56:57.9;-24:35:34;367.10;0.670480;8.40;
J0102+6537;01:02:32.9;+65:37:13.4;65.85;1.679164;8.50;
J0952-3839;09:52:17.2;-38:39:10.2;167.00;1.373815;8.50;
J1514-4834;15:14:14.5;-48:34:19.5;51.50;0.454839;8.50;
J0944+4106;09:44:18.1;+41:06:05;21.41;2.229431;8.60;
J2105+28;21:06;+28:29;62.40;0.405737;8.60;
J1758+3030;17:58:25.8;+30:30:24.0;35.07;0.947256;8.90;
J0108-1431;01:08:08.3;-14:31:50.1;2.38;0.807565;9.00;
J0134-2937;01:34:18.6;-29:37:17.0;21.81;0.136962;9.00;
J1036-4926;10:36:13.1;-49:26:21.2;136.52;0.510369;9.00;
J1126-6942;11:26:21.6;-69:42:15.3;55.33;0.579416;9.00;
J1332-3032;13:32:52.4;-30:32:17;15.10;0.650434;9.00;
J1340-6456;13:40:00.3;-64:56:42.9;76.99;0.378622;9.00;
J1350-5115;13:50:16.1;-51:15:24.7;90.39;0.295699;9.00;
J1420-5416;14:20:29.0;-54:16:22.5;129.60;0.935772;9.00;
J1455-3330;14:55:47.9;-33:30:46.3;13.57;0.007987;9.00;
J1651-1709;16:51:31.7;-17:09:22;33.46;0.973394;9.00;
J1654-2713;16:54:23.6;-27:13:02;92.31;0.791822;9.00;
J1711-5350;17:11:53.1;-53:50:16;106.10;0.899218;9.00;
J1732-4128;17:32:50.0;-41:28:48;195.30;0.627981;9.00;
J1926+1434;19:26:57.2;+14:34:55;211.41;1.324922;9.00;
J1932-3655;19:32:06.1;-36:55:02.1;59.88;0.571420;9.00;
J2055+2209;20:55:39.1;+22:09:27;36.35;0.815181;9.00;
J2116+1414;21:16:13.7;+14:14:21.0;56.20;0.440153;9.00;
J1635+2418;16:35:25.7;+24:18:47;24.27;0.490507;9.10;
J1941+4320;19:41:58.9;+43:20:06.3;79.36;0.840906;9.10;
J0613-0200;06:13:43.9;-02:00:47.2;38.78;0.003062;9.20;
J1652-2404;16:52:58.5;-24:03:51;68.41;1.703739;9.20;
J1730-3350;17:30:32.5;-33:50:39;261.29;0.139460;9.20;
J1946-2913;19:46:51.7;-29:13:47.1;44.31;0.959448;9.30;
J1832-0827;18:32:37.0;-08:27:03.7;300.87;0.647326;9.40;
J0621+1002;06:21:22.1;+10:02:38.7;36.47;0.028854;9.50;
J1614+0737;16:14:40.9;+07:37:31;21.39;1.206801;9.60;
J1905-0056;19:05:27.7;-00:56:40.8;229.13;0.643183;9.80;
J0108+6608;01:08:22.5;+66:08:34.4;30.55;1.283660;10.00;
J0711-6830;07:11:54.1;-68:30:47.4;18.41;0.005491;10.00;
J0751+1807;07:51:09.1;+18:07:38.4;30.25;0.003479;10.00;
J1141-3107;11:41:25.6;-31:07:52.6;30.77;0.538432;10.00;
J1335-3642;13:35:36;-36:42;41.70;0.399192;10.00;
J1402-50;14:02:56.0;-50:21:43;51.00;1.380182;10.00;
J1604-7203;16:04:29.1;-72:03:30.4;54.37;0.341403;10.00;
J1748-2021A;17:48:52.6;-20:21:39.7;219.40;0.288603;10.00;
J1837-0045;18:37:32.1;-00:45:11;86.98;0.617037;10.00;
J2337+6151;23:37:05.7;+61:51:01.5;58.41;0.495370;10.00;
J0407+1607;04:07:54.9;+16:07:16.4;35.65;0.025702;10.20;
J1059+6459;10:59:27.5;+64:59:32;18.50;3.631170;10.40;
J0335+6623;03:35:57.0;+66:23:24;66.73;1.761934;10.50;
J0502+4654;05:02:04.5;+46:54:06.0;41.83;0.638565;10.80;
J0206-4028;02:06:01.2;-40:28:03.6;12.90;0.630551;11.00;
J0450-1248;04:50:08.7;-12:48:07.1;37.04;0.438014;11.00;
J0459-0210;04:59:51.9;-02:10:07;21.02;1.133076;11.00;
J0856-6137;08:56:59.3;-61:37:53.3;95.00;0.962509;11.00;
J0904-7459;09:04:10.8;-74:59:42.8;51.10;0.549553;11.00;
J0941-5244;09:41:41.1;-52:44:04.4;157.94;0.658558;11.00;
J1123-6259;11:23:55.5;-62:59:10.9;223.26;0.271436;11.00;
J1225-6408;12:25:42.8;-64:08:43;415.10;0.419618;11.00;
J1321+8323;13:21:45.6;+83:23:39.4;13.32;0.670037;11.00;
J1328-4921;13:28:33.5;-49:21:33.4;118.00;1.478721;11.00;
J1527-3931;15:27:58.7;-39:31:36.6;49.00;2.417605;11.00;
J1648-3256;16:48:06.0;-32:56:40.8;128.28;0.719455;11.00;
J1703-1846;17:03:51.0;-18:46:14.8;49.55;0.804341;11.00;
J1728-0007;17:28:34.8;-00:07:45;41.09;0.386004;11.00;
J1732-1930;17:32:20.0;-19:30:09;72.43;0.483770;11.00;
J1823-1115;18:23:40.3;-11:15:11;428.59;0.279829;11.00;
J1854+1050;18:54:29.3;+10:46:42;207.20;0.573197;11.00;
J1901-0906;19:01:53.0;-09:06:11.1;72.68;1.781928;11.00;
J2248-0101;22:48:26.8;-01:01:48.0;29.05;0.477233;11.00;
J2346-0609;23:46:50.4;-06:09:59.8;22.50;1.181463;11.00;
J0729-1836;07:29:32.3;-18:36:42.2;61.29;0.510160;11.20;
J1652+2651;16:52:03.0;+26:51:40.4;40.80;0.915803;11.30;
J2302+4442;23:02:46.9;+44:42:22.0;13.73;0.005192;11.30;
J2046+1540;20:46:39.3;+15:40:33.5;39.82;1.138286;11.50;
J0357+5236;03:57:44.8;+52:36:57.4;103.71;0.197030;12.00;
J0857-4424;08:57:55.8;-44:24:10.6;184.43;0.326786;12.00;
J0905-5127;09:05:51.9;-51:27:54.0;196.43;0.346301;12.00;
J0924-5302;09:24:08.6;-53:02:44.2;152.90;0.746295;12.00;
J1115+5030;11:15:38.4;+50:30:12.2;9.19;1.656440;12.00;
J1257-1027;12:57:04.7;-10:27:05.5;29.63;0.617308;12.00;
J1355-5153;13:55:58.6;-51:53:54.0;112.10;0.644305;12.00;
J1356-5521;13:56:50.5;-55:21:12.9;174.17;0.507380;12.00;
J1614-3937;16:14:31.2;-39:37:28.8;152.44;0.407292;12.00;
J1615-5537;16:15:40.4;-55:37:00.5;124.48;0.791526;12.00;
J1651-5255;16:51:41.2;-52:55:48;164.00;0.890534;12.00;
J1810-5338;18:10:44.4;-53:38:07.7;45.00;0.261049;12.00;
J1817-3837;18:17:00.2;-38:37:59.7;102.85;0.384487;12.00;
J1852-2610;18:52:59.4;-26:10:13;56.81;0.336337;12.00;
J1909+0007;19:09:35.2;+00:07:58;112.79;1.016948;12.00;
J1916+1312;19:16:58.6;+13:12:50;237.01;0.281842;12.00;
J2155-3118;21:55:13.6;-31:18:55;14.85;1.030002;12.00;
J2302+6028;23:02:11.2;+60:28:00.2;156.70;1.206404;12.00;
J1749-3002;17:49:13.4;-30:02:35;509.40;0.609874;12.70;
J1943-1237;19:43:25.4;-12:37:42;28.92;0.972429;12.90;
J0905-4536;09:05:23.9;-45:36:53.0;179.70;0.988281;13.00;
J0942-5657;09:42:54.4;-56:57:43.2;159.74;0.808164;13.00;
J1112-6926;11:12:51.0;-69:26:31.0;148.40;0.820484;13.00;
J1507-6640;15:07:48.6;-66:40:57.8;129.80;0.355656;13.00;
J1532+2745;15:32:10.3;+27:45:49.6;14.69;1.124836;13.00;
J1553-5456;15:53:59.6;-54:56:06;210.00;1.081328;13.00;
J1650-1654;16:50:27.1;-16:54:42.2;43.25;1.749552;13.00;
J1720-1633;17:20:25.2;-16:33:34;44.83;1.565601;13.00;
J1759-2922;17:59:48.2;-29:22:07;79.42;0.574400;13.00;
J1823-0154;18:23:52.1;-01:54:05;135.87;0.759777;13.00;
J1848-1414;18:48:39.1;-14:14:17;134.47;0.297770;13.00;
J1941-2602;19:41:00.4;-26:02:05.7;50.04;0.402858;13.00;
J2229+2643;22:29:50.8;+26:43:57.6;22.73;0.002978;13.00;
J0111+6624;01:11:21.8;+66:24:11;111.20;4.301872;13.60;
J1901+0156;19:01:34.2;+01:56:38;105.39;0.288219;13.70;
J0014+4746;00:14:17.7;+47:46:33.4;30.41;1.240699;14.00;
J1032-5911;10:32:07;-59:10;418.20;0.464208;14.00;
J1042-5521;10:42:00.4;-55:21:06.2;306.50;1.170867;14.00;
J1137-6700;11:37:32.0;-67:00:33.0;228.04;0.556216;14.00;
J1510-4422;15:10:48.9;-44:22:07;84.00;0.943871;14.00;
J2129-5721;21:29:22.7;-57:21:14.2;31.85;0.003726;14.00;
J1710+4923;17:10:04.4;+49:23:11.4;7.08;0.003220;14.10;
J2027+4557;20:27:16.2;+45:57:57.0;229.59;1.099651;14.20;
J0215+6218;02:15:56.6;+62:18:33;84.00;0.548880;14.50;
J2004+3137;20:04:52.2;+31:37:10;234.82;2.111265;14.50;
J0406+6138;04:06:30.0;+61:38:41.4;65.41;0.594576;15.00;
J1012-5857;10:12:48.4;-58:57:48.7;383.90;0.819926;15.00;
J1017-5621;10:17:12.8;-56:21:30.5;438.70;0.503463;15.00;
J1045-4509;10:45:50.1;-45:09:54.1;58.14;0.007474;15.00;
J1312-5402;13:12:04.7;-54:02:42.6;133.00;0.728154;15.00;
J1559-5545;15:59:21.3;-55:45:40;212.90;0.957242;15.00;
J1603-2531;16:03:04.8;-25:31:47;53.76;0.283070;15.00;
J1623-2631;16:23:38.2;-26:31:53.7;62.86;0.011076;15.00;
J1637-4553;16:37:58.6;-45:53:26.8;193.23;0.118773;15.00;
J1639-4604;16:39:21.2;-46:04:33.1;258.91;0.264558;15.00;
J1717-4054;17:17:52.3;-41:03:17.8;306.90;0.887719;15.00;
J1804-2717;18:04:21.1;-27:17:31.3;24.67;0.009343;15.00;
J1902+0556;19:02:42.6;+05:56:26;177.49;0.746577;15.00;
J1911-1114;19:11:49.2;-11:14:22.4;31.02;0.003626;15.00;
J1955+2908;19:55:27.8;+29:08:43.4;104.52;0.006133;15.00;
J2043+2740;20:43:43.5;+27:40:56;21.02;0.096131;15.00;
J2317+2149;23:17:57.8;+21:49:48.0;20.87;1.444653;15.00;
J2150+5247;21:50:37.7;+52:47:49.5;148.93;0.332206;15.60;
J0612+3721;06:12:48.6;+37:21:37;27.15;0.297982;16.00;
J0828-3417;08:28:16.6;-34:17:07;52.20;1.848919;16.00;
J0846-3533;08:46:06.0;-35:33:41.2;94.16;1.116098;16.00;
J0908-1739;09:08:38.1;-17:39:37.6;15.88;0.401626;16.00;
J0959-4809;09:59:26.2;-48:09:47.5;92.70;0.670086;16.00;
J1312-5516;13:12:53.5;-55:16:48.0;134.10;0.849243;16.00;
J1507-4352;15:07:34.1;-43:52:03.8;48.70;0.286758;16.00;
J1610-1322;16:10:42.7;-13:22:22;49.13;1.018393;16.00;
J1622-4332;16:22:45.4;-43:32:28.2;230.68;0.916938;16.00;
J1744-2335;17:44:48.4;-23:35:55;96.66;1.683507;16.00;
J1823-3021A;18:23:40.4;-30:21:40.1;86.88;0.005440;16.00;
J1904+0004;19:04:12.7;+00:04:05.2;233.61;0.139525;16.00;
J1919+0021;19:19:50.6;+00:21:39.7;90.31;1.272260;16.00;
J2144-3933;21:44:12.0;-39:33:56.8;3.35;8.509827;16.00;
J0255-5304;02:55:56.2;-53:04:21.2;15.90;0.447708;17.00;
J1146-6030;11:46:07.7;-60:30:59.4;111.68;0.273375;17.00;
J1527-5552;15:27:40.7;-55:52:08.3;362.70;1.048719;17.00;
J1549-4848;15:49:21.0;-48:48:35.5;55.98;0.288355;17.00;
J1613-4714;16:13:28.9;-47:14:26.9;161.20;0.382377;17.00;
J1625-4048;16:25:10.3;-40:48:21.5;145.00;2.355278;17.00;
J1801-0357;18:01:22.6;-03:57:55;120.37;0.921491;17.00;
J1848-1952;18:48:18.0;-19:52:31;18.23;4.308190;17.00;
J2124-3358;21:24:43.8;-33:58:44.8;4.60;0.004931;17.00;
J2229+6205;22:29:41.8;+62:05:36;124.64;0.443055;17.00;
J2326+6113;23:26:58.6;+61:13:36.5;122.61;0.233652;17.00;
J2354+6155;23:54:04.7;+61:55:46.8;94.66;0.944784;17.00;
J1125+7819;11:25:59.8;+78:19:48.7;11.73;0.004202;17.10;
J0934-5249;09:34:28.2;-52:49:27.4;100.00;1.444777;18.00;
J1046-5813;10:46:18.8;-58:13:52.0;240.20;0.369428;18.00;
J1320-5359;13:20:53.9;-53:59:05.0;97.10;0.279738;18.00;
J1326-6408;13:26:32.4;-64:08:43.8;502.70;0.792674;18.00;
J1328-4357;13:28:06.4;-43:57:44.1;42.00;0.532699;18.00;
J1334-5839;13:34:30.1;-58:39:16.5;119.30;0.107718;18.00;
J1735-0724;17:35:04.9;-07:24:52.1;73.51;0.419335;18.00;
J1744-1134;17:44:29.4;-11:34:54.6;3.14;0.004075;18.00;
J1816-2650;18:16:35.4;-26:49:53;128.12;0.592885;18.00;
J1823+0550;18:23:30.9;+05:50:24.3;66.78;0.752907;18.00;
J2029+3744;20:29:23.8;+37:44:08;190.66;1.216805;18.00;
J2113+2754;21:13:04.3;+27:54:01.1;25.11;1.202852;18.00;
J1842-0359;18:42:26.4;-03:59:60;195.98;1.839944;18.70;
J0401-7608;04:01:51.7;-76:08:13.0;21.70;0.545254;19.00;
J0840-5332;08:40:33.7;-53:32:35.9;156.50;0.720614;19.00;
J1059-5742;10:59:00.8;-57:42:14.5;108.70;1.185003;19.00;
J1112-6613;11:12:38.5;-66:13:04.8;249.30;0.334213;19.00;
J1555-3134;15:55:17.9;-31:34:20.1;73.05;0.518110;19.00;
J2308+5547;23:08:13.8;+55:47:36.0;46.54;0.475068;19.00;
J2317+1439;23:17:09.2;+14:39:31.2;21.88;0.003445;19.00;
J0525+1115;05:25:56.4;+11:15:19.0;79.42;0.354438;19.50;
J0152-1637;01:52:10.8;-16:37:53.6;11.93;0.832742;20.00;
J1253-5820;12:53:28.3;-58:20:40.8;100.58;0.255496;20.00;
J1300+1240;13:00:03.5;+12:40:56.4;10.17;0.006219;20.00;
J1600-5751;16:00:19.9;-57:51:15.3;176.55;0.194456;20.00;
J1603-2712;16:03:08.0;-27:13:28;46.20;0.778313;20.00;
J1757-2421;17:57:29.3;-24:22:07;179.45;0.234106;20.00;
J1759-2205;17:59:24.1;-22:05:33;177.16;0.460974;20.00;
J1810+1744;18:10:37.2;+17:44:37.3;39.70;0.001660;20.00;
J1841+0912;18:41:55.9;+09:12:07;49.16;0.381319;20.00;
J1844+1454;18:44:54.8;+14:54:14.1;41.49;0.375463;20.00;
J1916+0951;19:16:32.3;+09:51:26;60.95;0.270254;20.00;
J1959+2048;19:59:36.7;+20:48:15.1;29.12;0.001607;20.00;
J2006-0807;20:06:16.3;-08:07:02.1;32.39;0.580871;20.00;
J2046-0421;20:46:00.1;-04:21:26.2;35.80;1.546938;20.00;
J2001+4258;20:01:10.5;+42:58:06;54.93;0.719166;20.20;
J1440-6344;14:40:31.2;-63:44:48.4;124.20;0.459607;21.00;
J1542-5034;15:42:45.4;-50:34:01.4;91.00;0.599245;21.00;
J1603-7202;16:03:35.6;-72:02:32.7;38.05;0.014842;21.00;
J1700-3312;17:00:52.9;-33:12:47;166.97;1.358307;21.00;
J1809-3547;18:09:26.9;-35:47:18;193.84;0.860388;21.00;
J1840+5640;18:40:44.5;+56:40:54.8;26.77;1.652862;21.00;
J1909+0254;19:09:38.3;+02:54:51;171.73;0.989831;21.00;
J1910+0358;19:10:09.0;+03:58:28;82.93;2.330263;21.00;
J2222+5602;22:22;+56;168.00;1.336000;21.10;
J0924-5814;09:24:30.8;-58:14:05.1;57.40;0.739505;22.00;
J1703-4851;17:03:54.5;-48:52:01.0;150.29;1.396405;22.00;
J1720-0212;17:20:57.2;-02:12:23.9;66.98;0.477715;22.00;
J1817-3618;18:17:05.8;-36:18:04.6;94.30;0.387019;22.00;
J1902+0615;19:02:50.2;+06:16:33.4;502.90;0.673503;22.00;
J1926+0431;19:26:24.4;+04:31:32;102.24;1.074078;22.00;
J2225+6535;22:25:52.8;+65:35:36.3;36.44;0.682542;22.00;
J0601-0527;06:01:58.9;-05:27:50.8;80.54;0.395969;22.70;
J0745-5353;07:45:04.4;-53:53:09.5;121.38;0.214839;23.00;
J1136-5525;11:36:02.1;-55:25:06.9;85.50;0.364713;23.00;
J1202-5820;12:02:28.3;-58:20:33.6;145.41;0.452803;23.00;
J1210-5559;12:10:05.9;-55:59:03.8;174.35;0.279768;23.00;
J1544-5308;15:44:59.8;-53:08:46.9;35.16;0.178554;23.00;
J1646-6831;16:46:54.8;-68:31:51;43.00;1.785611;23.00;
J1651-5222;16:51:42.9;-52:22:58.6;179.10;0.635058;23.00;
J1704-6016;17:04:14.8;-60:16:54;54.00;0.306323;23.00;
J1748-1300;17:48:17.4;-13:00:52;99.36;0.394133;23.00;
J1803-2137;18:03:51.4;-21:37:07.3;233.99;0.133667;23.00;
J1903-0632;19:03:37.9;-06:32:22;195.61;0.431887;23.00;
J1907+4002;19:07:34.6;+40:02:05.7;30.97;1.235757;23.00;
J1915+1009;19:15:29.9;+10:09:43.3;241.69;0.404552;23.00;
J1800+5034;18:00:44.3;+50:34:22;22.71;0.578375;23.50;
J0034-0534;00:34:21.8;-05:34:36.7;13.77;0.001877;24.00;
J1121-5444;11:21:19.0;-54:44:05.1;204.70;0.535787;24.00;
J1418-3921;14:18:50.2;-39:21:18.5;60.49;1.096806;24.00;
J1623-4256;16:23:48.3;-42:56:52;295.00;0.364590;24.00;
J1740+1311;17:40:07.3;+13:11:56.6;48.67;0.803050;24.00;
J2305+3100;23:05:58.3;+31:00:01.2;49.58;1.575886;24.00;
J1740-3015;17:40:33.8;-30:15:43.5;151.96;0.606887;24.60;
J1709-4429;17:09:42.7;-44:29:08.2;75.68;0.102459;25.00;
J1722-3712;17:22:59.2;-37:12:04.5;99.49;0.236180;25.00;
J1733-2228;17:33:26.4;-22:28:37;41.14;0.871683;25.00;
J1807-2715;18:07:08.4;-27:15:03;312.98;0.827776;25.00;
J1822-2256;18:22:58.9;-22:56:31;121.20;1.874269;25.00;
J0944-1354;09:44:28.9;-13:54:41.6;12.50;0.570264;26.00;
J1116-4122;11:16:43.0;-41:22:43.9;40.53;0.943158;26.00;
J1849-0636;18:49:06.4;-06:37:07;148.17;1.451319;26.00;
J1955+5059;19:55:18.7;+50:59:55.2;31.98;0.518938;26.00;
J2013+3845;20:13:10.3;+38:45:43.3;238.22;0.230194;26.00;
J2108+4441;21:08:20.4;+44:41:48.8;139.83;0.414871;26.00;
J0325+6744;03:25:05.1;+67:44:59;65.28;1.364679;26.30;
J2352+65;23:52;+65;152.00;1.164000;26.50;
J0304+1932;03:04:33.1;+19:32:51.4;15.66;1.387584;27.00;
J1910-0309;19:10:29.6;-03:09:53.8;205.53;0.504606;27.00;
J0139+5814;01:39:19.7;+58:14:31.8;73.81;0.272451;28.00;
J0908-4913;09:08:35.4;-49:13:05.0;180.37;0.106769;28.00;
J1041-1942;10:41:36.1;-19:42:13.6;33.78;1.386368;28.00;
J1326-6700;13:26:02.7;-67:00:49.2;209.60;0.543015;28.00;
J1808-0813;18:08:09.4;-08:13:02;151.27;0.876044;28.00;
J2055+3630;20:55:31.3;+36:30:21.4;97.42;0.221508;28.00;
J0543+2329;05:43:11.0;+23:16:40.1;77.70;0.245984;29.00;
J0614+2229;06:14:17.0;+22:29:56.8;96.91;0.334960;29.00;
J0955-5304;09:55:29.4;-53:04:16.5;156.90;0.862122;29.00;
J1246+2253;12:46:49.3;+22:53:43.2;17.79;0.473871;29.00;
J1305-6455;13:05:23.3;-64:55:28.3;505.00;0.571652;29.00;
J1705-1906;17:05:36.0;-19:06:39;22.91;0.298987;29.00;
J1741-0840;17:41:22.5;-08:40:31.7;74.90;2.043082;29.00;
J1750-3503;17:50:44.5;-35:03:08.9;189.35;0.684014;29.00;
J1932+2020;19:32:08.0;+20:20:46;211.15;0.268217;29.00;
J2053-7200;20:53:47.2;-72:00:42.4;17.30;0.341336;29.00;
J0823+0159;08:23:09.7;+01:59:12.4;23.73;0.864873;30.00;
J1012+5307;10:12:33.4;+53:07:02.2;9.02;0.005256;30.00;
J1605-5257;16:05:16.2;-52:57:34.5;35.10;0.658013;30.00;
J1835-1106;18:35:18.4;-11:06:16.1;132.68;0.165918;30.00;
J1922+2110;19:22:53.5;+21:10:42;217.09;1.077924;30.00;
J0054+6946;00:54:59.1;+69:46:17;116.52;0.832911;30.50;
J0629+2415;06:29:05.7;+24:15:41.5;84.18;0.476623;31.00;
J1705-3423;17:05:42.3;-34:23:43.4;146.36;0.255427;31.00;
J1857+0943;18:57:36.3;+09:43:17.1;13.31;0.005362;31.00;
J1703-3241;17:03:22.5;-32:41:48;110.31;1.211785;32.00;
J1720-2933;17:20:34.1;-29:33:16;42.64;0.620448;32.00;
J2149+6329;21:49:58.7;+63:29:44.2;129.72;0.380140;32.00;
J0740+6620;07:40:45.7;+66:20:33.5;14.96;0.002886;32.50;
J0323+3944;03:23:26.6;+39:44:52.4;26.19;3.032072;34.00;
J1401-6357;14:01:52.5;-63:57:45.4;98.00;0.842805;34.00;
J1921+1948;19:21:03.7;+19:48:45;153.85;0.821035;34.00;
J2257+5909;22:57:57.7;+59:09:14.8;151.08;0.368246;34.00;
J0907-5157;09:07:15.9;-51:57:59.2;103.72;0.253558;35.00;
J1428-5530;14:28:26.2;-55:30:50.1;82.40;0.570292;35.00;
J1741-3927;17:41:18.0;-39:27:38.2;158.50;0.512212;35.00;
J1537+1155;15:37:09.9;+11:55:55.4;11.62;0.037904;36.00;
J1708-3426;17:08:57.7;-34:26:44;190.70;0.692113;36.00;
J1823-3106;18:23:46.7;-31:06:50;50.24;0.284054;36.00;
J1825-0935;18:25:30.5;-09:35:21.2;19.38;0.769021;36.00;
J2321+6024;23:21:55.2;+60:24:31;94.59;2.256488;36.00;
J0151-0635;01:51:22.7;-06:35:02.9;25.66;1.464665;38.00;
J1543-0620;15:43:30.1;-06:20:45.3;18.38;0.709064;40.00;
J1557-4258;15:57:00.2;-42:58:12.6;144.50;0.329187;40.00;
J1824-2452A;18:24:32.0;-24:52:10.8;119.89;0.003054;40.00;
J1946+1805;19:46:53.0;+18:05:41.2;16.14;0.440618;40.00;
J1034-3224;10:34:19.5;-32:24:26;50.75;1.150590;41.00;
J2330-2005;23:30:26.8;-20:05:29.6;8.46;1.643622;42.00;
J1730-2304;17:30:21.6;-23:04:31.1;9.62;0.008123;43.00;
J1917+1353;19:17:39.7;+13:53:57.0;94.54;0.194631;43.00;
J1604-4909;16:04:22.9;-49:09:57.9;140.80;0.327419;44.00;
J1056-6258;10:56:25.5;-62:58:47.6;320.30;0.422451;45.00;
J1602-5100;16:02:18.7;-51:00:06.1;170.79;0.864286;45.00;
J0358+5413;03:58:53.7;+54:13:13.7;57.14;0.156384;46.00;
J0809-4753;08:09:43.8;-47:53:54.7;228.30;0.547202;46.00;
J2145-0750;21:45:50.4;-07:50:18.5;9.00;0.016052;46.00;
J0218+4232;02:18:06.3;+42:32:17.3;61.25;0.002323;47.00;
J1709-1640;17:09:26.4;-16:40:57.7;24.89;0.653054;47.00;
J1224-6407;12:24:22.2;-64:07:53.8;97.69;0.216480;48.00;
J0141+6009;01:41:39.9;+60:09:32;34.93;1.222949;49.00;
J1909+1102;19:09:48.6;+11:02:03.3;149.98;0.283641;50.00;
J0034-0721;00:34:08.8;-07:21:53.4;10.92;0.942951;52.00;
J0922+0638;09:22:14.0;+06:38:23.3;27.30;0.430627;52.00;
J2002+4050;20:02:44.0;+40:50:53.9;131.49;0.905067;53.00;
J1607-0032;16:07:12.0;-00:32:41.5;10.68;0.421816;54.00;
J1836-1008;18:36:53.9;-10:08:08;316.98;0.562711;54.00;
J0942-5552;09:42:15.8;-55:52:52.3;180.20;0.664367;55.00;
J0528+2200;05:28:52.2;+22:00:04;50.87;3.745539;57.00;
J1921+2153;19:21:44.8;+21:53:02.2;12.44;1.337302;57.00;
J1903+0135;19:03:29.9;+01:35:38.5;245.17;0.729307;58.00;
J0454+5543;04:54:07.7;+55:43:41.4;14.59;0.340729;59.00;
J1722-3207;17:22:02.9;-32:07:45.3;126.06;0.477158;61.00;
J2043+7045;20:43;+70:45;57.00;0.588000;63.70;
J0820-4114;08:20:15.4;-41:14:35.3;113.40;0.545446;65.00;
J1807-0847;18:07:38.0;-08:47:43.2;112.38;0.163727;65.00;
J1745-3040;17:45:56.3;-30:40:22.9;88.37;0.367434;66.00;
J0302+2252;03:02:31.9;+22:52:12.1;18.99;1.207165;70.00;
J1534-5334;15:34:08.2;-53:34:19.6;24.82;1.368882;70.00;
J1751-4657;17:51:42.1;-46:57:26.5;20.40;0.742354;70.00;
J1824-1945;18:24:00.5;-19:46:03.3;224.38;0.189337;71.00;
J2022+2854;20:22:37.0;+28:54:23.1;24.63;0.343402;71.00;
J0826+2637;08:26:51.5;+26:37:21.2;19.48;0.530661;73.00;
J0536-7543;05:36:30.8;-75:43:54.8;18.58;1.245856;75.00;
J1022+1001;10:22:57.9;+10:01:52.7;10.25;0.016453;75.00;
J1643-1224;16:43:38.1;-12:24:58.6;62.41;0.004622;75.00;
J1847-0402;18:47:22.8;-04:02:14.4;141.98;0.597809;75.00;
J1834-0426;18:34:25.6;-04:26:16;79.31;0.290108;77.00;
J2022+5154;20:22:49.8;+51:54:50.2;22.55;0.529197;77.00;
J1543+0929;15:43:38.8;+09:29:16.3;34.98;0.748448;78.00;
J1829-1751;18:29:43.1;-17:51:04;217.11;0.307133;78.00;
J0814+7429;08:14:59.5;+74:29:05.7;5.75;1.292241;79.00;
J1848-0123;18:48:23.5;-01:23:58.3;159.53;0.659432;79.00;
J1001-5507;10:01:37.8;-55:07:08.6;130.32;1.436631;80.00;
J1057-5226;10:57:59.0;-52:26:56.3;29.69;0.197115;80.00;
J0452-1759;04:52:34.1;-17:59:23.3;39.90;0.548939;82.00;
J0837+0610;08:37:05.6;+06:10:14.5;12.86;1.273768;89.00;
J1833-0338;18:33:41.8;-03:39:04.2;234.54;0.686733;89.00;
J2313+4253;23:13:08.6;+42:53:13.0;17.28;0.349434;89.00;
J1651-4246;16:51:48.7;-42:46:09.4;482.00;0.844081;100.00;
J0820-1350;08:20:26.3;-13:50:55.8;40.94;1.238130;102.00;
J1359-6038;13:59:58.2;-60:38:07.5;293.74;0.127508;105.00;
J2157+4017;21:57:01.8;+40:17:45.9;71.12;1.525266;105.00;
J1239+2453;12:39:40.4;+24:53:49.2;9.25;1.382449;110.00;
J1243-6423;12:43:17.1;-64:23:23.7;297.25;0.388485;110.00;
J1559-4438;15:59:41.5;-44:38:45.9;56.10;0.257056;110.00;
J2219+4754;22:19:48.1;+47:54:53.9;43.50;0.538469;111.00;
J2238+6021;22:38;+60:21;182.00;3.070000;111.10;
J1509+5531;15:09:25.6;+55:31:32.3;19.62;0.739682;114.00;
J2048-1616;20:48:35.6;-16:16:44.5;11.46;1.961572;116.00;
J1913-0440;19:13:54.1;-04:40:47.6;89.39;0.825936;118.00;
J1326-5859;13:26:58.2;-58:59:29.2;287.30;0.477994;120.00;
J1430-6623;14:30:40.7;-66:23:05.5;65.30;0.785443;130.00;
J1900-2600;19:00:47.5;-26:00:43.8;37.99;0.612209;131.00;
J1327-6222;13:27:17.1;-62:22:45.4;318.80;0.529929;135.00;
J1157-6224;11:57:15.2;-62:24:50.9;325.20;0.400526;145.00;
J1948+3540;19:48:25.0;+35:40:11.0;129.37;0.717311;145.00;
J1820-0427;18:20:52.5;-04:27:37.7;84.44;0.598082;157.00;
J1901+0331;19:01:31.7;+03:31:05.9;402.08;0.655450;165.00;
J0738-4042;07:38:32.2;-40:42:39.4;160.90;0.374921;190.00;
J1731-4744;17:31:42.1;-47:44:36.2;123.06;0.829829;190.00;
J0837-4135;08:37:21.1;-41:35:14.5;147.29;0.751625;197.00;
J0630-2834;06:30:49.4;-28:34:42.7;34.42;1.244419;206.00;
J1453-6413;14:53:32.6;-64:13:16.0;71.25;0.179487;230.00;
J2113+4644;21:13:24.3;+46:44:08.8;141.26;1.014685;230.00;
J1939+2134;19:39:38.5;+21:34:59.1;71.02;0.001558;240.00;
J1935+1616;19:35:47.8;+16:16:39.9;158.52;0.358738;242.00;
J1136+1551;11:36:03.1;+15:51:14.1;4.84;1.187913;257.00;
J0742-2822;07:42:49.0;-28:22:43.7;73.73;0.166762;296.00;
J1932+1059;19:32:14.0;+10:59:33.3;3.18;0.226519;303.00;
J2018+2839;20:18:03.8;+28:39:54.2;14.20;0.557953;314.00;
J1456-6843;14:55:59.9;-68:43:39.5;8.64;0.263377;350.00;
J0341+5711;03:41;+57:11;100.00;1.888000;364.70;
J1644-4559;16:44:49.2;-45:59:09.7;478.80;0.455078;375.00;
J1645-0317;16:45:02.0;-03:17:57.8;35.76;0.387690;393.00;
J0953+0755;09:53:09.3;+07:55:35.7;2.97;0.253065;400.00;
J0437-4715;04:37:15.8;-47:15:09.1;2.64;0.005757;550.00;
J0534+2200;05:34:31.9;+22:00:52.0;56.77;0.033392;550.00;
J1752-2806;17:52:58.6;-28:06:37.3;50.37;0.562558;1100.00;
J0332+5434;03:32:59.4;+54:34:43.3;26.76;0.714520;1500.00;
J0835-4510;08:35:20.6;-45:10:34.8;67.97;0.089328;5000.00;
